"","pop1","pop2","pop3","pop4","pop5","ID","Group","Indiv"
"3",5e-06,5e-06,5e-06,0.99998,5e-06,"100916","Wild rice","100916:D0E3LACXX:1:250058729"
"4",0.08255,0.917434,5e-06,5e-06,5e-06,"101974","Wild rice","101974:C08JYACXX:7:241"
"6",5e-06,0.324905,0.571087,0.103998,5e-06,"103423","Wild rice","103423:C08JYACXX:7:253"
"7",0.350463,0.112619,0.485165,5e-06,0.051748,"103821","Wild rice","103821:D0E3LACXX:1:250058730"
"8",5e-06,0.013099,5e-06,5e-06,0.986886,"103830","Wild rice","103830:C08JYACXX:7:265"
"12",0.065468,0.793714,5e-06,5e-06,0.140808,"104501","Wild rice","104501:C08JYACXX:7:277"
"13",5e-06,5e-06,5e-06,0.99998,5e-06,"104599","Wild rice","104599:C08JYACXX:7:194"
"14",0.206029,0.608396,0.185565,5e-06,5e-06,"104624","Wild rice","104624:D0E3LACXX:1:250058728"
"15",5e-06,0.134777,0.710522,5e-06,0.154691,"104764","Wild rice","104764:C08JYACXX:7:251"
"16",5e-06,0.582182,0.330841,5e-06,0.086967,"104812","Wild rice","104812:C08JYACXX:7:263"
"17",5e-06,0.304988,0.351199,5e-06,0.343803,"104875","Wild rice","104875:C08JYACXX:7:275"
"20",5e-06,5e-06,5e-06,0.999979,5e-06,"105706","Wild rice","105706:C08JYACXX:7:206"
"21",5e-06,5e-06,5e-06,0.99998,5e-06,"105709","Wild rice","105709:C08JYACXX:7:218"
"22",5e-06,0.791478,0.208505,5e-06,5e-06,"105720","Wild rice","105720:C08JYACXX:7:287"
"25",5e-06,0.28278,0.403204,5e-06,0.314006,"105851","Wild rice","105851:D0E3LACXX:1:250058667"
"26",5e-06,0.714138,0.285847,5e-06,5e-06,"105855","Wild rice","105855:C08JYACXX:7:204"
"27",0.081183,0.918795,7e-06,7e-06,7e-06,"105888","Wild rice","105888:C08JYACXX:7:230"
"28",6e-06,0.999977,6e-06,6e-06,6e-06,"105898","Wild rice","105898:C08JYACXX:7:242"
"29",5e-06,0.958008,0.041976,5e-06,5e-06,"105942","Wild rice","105942:C08JYACXX:7:216"
"30",5e-06,0.287674,0.625424,5e-06,0.086892,"106086","Wild rice","106086:D0E3LACXX:1:250058636"
"32",0.066961,0.881554,5e-06,5e-06,0.051475,"106103","Wild rice","106103:D0E3LACXX:1:250058637"
"33",5e-06,0.672849,0.327137,5e-06,5e-06,"106122","Wild rice","106122:D0E3LACXX:1:250058638"
"34",0.018196,0.981788,5e-06,5e-06,5e-06,"106126","Wild rice","106126:D0E3LACXX:1:250058639"
"35",0.092113,0.880935,5e-06,5e-06,0.026942,"106134","Wild rice","106134:D0E3LACXX:1:250058640"
"36",0.137848,0.859901,5e-06,5e-06,0.00224,"106166","Wild rice","106166:C08JYACXX:7:228"
"37",0.229196,0.512317,0.14152,0.116961,5e-06,"106168","Wild rice","106168:C08JYACXX:7:240"
"38",0.036389,0.747542,0.216058,6e-06,6e-06,"106169","Wild rice","106169:C08JYACXX:7:252"
"40",5e-06,0.431835,0.56815,5e-06,5e-06,"106321","Wild rice","106321:C08JYACXX:7:264"
"44",5e-06,0.99998,5e-06,5e-06,5e-06,"106453","Wild rice","106453:C08JYACXX:7:276"
"45",5e-06,0.552252,0.447733,5e-06,5e-06,"106518","Wild rice","106518:C08JYACXX:7:288"
"241",5e-06,0.150517,0.08742,0.001796,0.760262,"80470","Wild rice","80470:C08JYACXX:7:193"
"242",6e-06,0.239138,0.287163,6e-06,0.473688,"80724","Wild rice","80724:C08JYACXX:7:205"
"243",5e-06,0.999978,5e-06,5e-06,5e-06,"81990","Wild rice","81990:C08JYACXX:7:229"
"250",5e-06,0.3051,0.380286,5e-06,0.314604,"86494","Wild rice","86494:C08JYACXX:7:227"
"251",0.113228,0.687719,0.125351,5e-06,0.073698,"87883","Wild rice","87883:C08JYACXX:7:217"
"253",6e-06,0.311215,0.441068,6e-06,0.247706,"88834","Wild rice","88834:C08JYACXX:7:239"
"345",1e-05,0.030035,0.709813,1e-05,0.260131,"IRGC_100923","Wild rice","IRGC_100923:C08MWACXX:6:64"
"353",6e-06,0.271835,0.314797,6e-06,0.413355,"IRGC_80737","Wild rice","IRGC_80737:C08MWACXX:6:51"
"354",0.12847,0.313996,0.079805,0.45252,0.02521,"IRGC_80759","Wild rice","IRGC_80759:C08MWACXX:6:52"
"355",0.128645,0.305865,0.066161,0.467456,0.031872,"IRGC_81941","Wild rice","IRGC_81941:C08MWACXX:6:53"
"358",0.119647,0.880338,5e-06,5e-06,5e-06,"IRGC_93214","Wild rice","IRGC_93214:C08MWACXX:6:56"
"359",0.22455,0.695879,5e-06,5e-06,0.079561,"IRGC_93215","Wild rice","IRGC_93215:C08MWACXX:6:57"
"360",0.164704,0.267656,5e-06,5e-06,0.56763,"IRGC_93217","Wild rice","IRGC_93217:C08MWACXX:6:58"
"361",0.316264,0.590269,5e-06,5e-06,0.093457,"IRGC_93219","Wild rice","IRGC_93219:C08MWACXX:6:59"
"362",0.043804,0.8399,0.097908,5e-06,0.018383,"IRGC_93285","Wild rice","IRGC_93285:C08MWACXX:6:61"
"363",5e-06,0.596853,0.265903,5e-06,0.137234,"IRGC_99545","Wild rice","IRGC_99545:C08MWACXX:6:62"
"482",5e-06,0.99998,5e-06,5e-06,5e-06,"MUSC200","Wild rice","MUSC200:C08JYACXX:7:248"
"483",5e-06,5e-06,5e-06,5e-06,0.99998,"MUSC201","Wild rice","MUSC201:C08JYACXX:7:260"
"484",5e-06,0.514622,0.485363,5e-06,5e-06,"MUSC202","Wild rice","MUSC202:C08JYACXX:7:272"
"485",5e-06,0.417597,0.582388,5e-06,5e-06,"MUSC203","Wild rice","MUSC203:C08JYACXX:7:284"
"486",5e-06,0.540844,0.459141,5e-06,5e-06,"MUSC207","Wild rice","MUSC207:C08JYACXX:7:201"
"487",5e-06,0.49653,0.503455,5e-06,5e-06,"MUSC208","Wild rice","MUSC208:C08JYACXX:7:213"
"488",5e-06,0.927237,0.072748,5e-06,5e-06,"MUSC209","Wild rice","MUSC209:C08JYACXX:7:225"
"501",7e-06,7e-06,0.999973,7e-06,7e-06,"RR01","US weedy rice-SH","RR01:C1B2JACXX:6:250121568"
"504",5e-06,5e-06,0.987896,5e-06,0.012089,"RR04","US weedy rice-SH","RR04:C1B2JACXX:6:250121571"
"507",5e-06,5e-06,0.999981,5e-06,5e-06,"RR15","US weedy rice-SH","RR15:D1FW5ACXX:3:250121574"
"513",5e-06,5e-06,0.99998,5e-06,5e-06,"RR42","US weedy rice-SH","RR42:C1B2JACXX:6:250121580"
"515",5e-06,5e-06,0.99998,5e-06,5e-06,"RR51","US weedy rice-SH","RR51:D1FW5ACXX:3:250121582"
"534",8e-06,8e-06,0.99997,8e-06,8e-06,"rr9","US weedy rice-SH","rr9:C08MWACXX:7:134"
"502",0.053779,5e-06,0.05752,5e-06,0.888691,"RR02","US weedy rice-BHA","RR02:C1B2JACXX:6:250121569"
"503",0.050444,5e-06,0.043893,5e-06,0.905653,"RR03","US weedy rice-BHA","RR03:C1B2JACXX:6:250121570"
"505",0.046171,5e-06,0.026826,5e-06,0.926994,"RR05","US weedy rice-BHA","RR05:C1B2JACXX:6:250121572"
"506",5e-06,5e-06,5e-06,5e-06,0.99998,"RR13","US weedy rice-BHA","RR13:C1B2JACXX:6:250121573"
"508",0.044743,5e-06,0.025939,5e-06,0.929308,"RR16","US weedy rice-BHA","RR16:D1FW5ACXX:3:250121575"
"509",5e-06,5e-06,0.203002,5e-06,0.796983,"RR21","US weedy rice-BHA","RR21:C1B2JACXX:6:250121576"
"510",5e-06,5e-06,0.170565,5e-06,0.82942,"RR24","US weedy rice-BHA","RR24:D1FW5ACXX:3:250121577"
"511",5e-06,5e-06,5e-06,5e-06,0.999978,"RR25","US weedy rice-BHA","RR25:C1B2JACXX:6:250121578"
"512",0.089327,5e-06,0.162699,5e-06,0.747964,"RR29","US weedy rice-BHA","RR29:C1B2JACXX:6:250121579"
"514",5e-06,5e-06,0.191841,5e-06,0.808144,"RR44","US weedy rice-BHA","RR44:C1B2JACXX:6:250121581"
"533",5e-06,5e-06,5e-06,5e-06,0.999979,"rr20","US weedy rice-BHA","rr20:C08MWACXX:7:133"
"1",5e-06,0.210866,5e-06,5e-06,0.789119,"100206","South Asian weedy rice","100206:D0E3LACXX:1:250058663"
"2",5e-06,0.281335,0.470884,5e-06,0.24777,"100218","South Asian weedy rice","100218:D0E3LACXX:1:250058657"
"5",5e-06,0.273618,0.544658,5e-06,0.181715,"102157","South Asian weedy rice","102157:D0E3LACXX:1:250058664"
"9",5e-06,0.317733,0.274222,5e-06,0.408035,"104406","South Asian weedy rice","104406:D0E3LACXX:1:250058658"
"10",5e-06,0.206585,0.520662,5e-06,0.272743,"104455","South Asian weedy rice","104455:D0E3LACXX:1:250058672"
"11",9e-06,0.143139,0.856835,9e-06,9e-06,"104496","South Asian weedy rice","104496:D0E3LACXX:1:250058673"
"18",5e-06,0.99998,5e-06,5e-06,5e-06,"105353","South Asian weedy rice","105353:D0E3LACXX:1:250058651"
"19",5e-06,0.339903,0.344806,5e-06,0.31528,"105362","South Asian weedy rice","105362:D0E3LACXX:1:250058665"
"23",5e-06,0.436974,0.3637,5e-06,0.199316,"105728","South Asian weedy rice","105728:D0E3LACXX:1:250058659"
"24",5e-06,0.48299,0.516994,5e-06,5e-06,"105798","South Asian weedy rice","105798:D0E3LACXX:1:250058666"
"31",5e-06,0.045609,0.462318,5e-06,0.492064,"106097","South Asian weedy rice","106097:D0E3LACXX:1:250058668"
"39",5e-06,0.387054,0.345632,5e-06,0.267305,"106316","South Asian weedy rice","106316:D0E3LACXX:1:250058660"
"41",5e-06,0.748354,0.251631,5e-06,5e-06,"106332","South Asian weedy rice","106332:D0E3LACXX:1:250058652"
"42",5e-06,0.708652,0.291333,5e-06,5e-06,"106338","South Asian weedy rice","106338:D0E3LACXX:1:250058653"
"43",5e-06,5e-06,5e-06,5e-06,0.999981,"106431","South Asian weedy rice","106431:D0E3LACXX:1:250058669"
"244",5e-06,0.189676,0.594866,5e-06,0.215448,"82037","South Asian weedy rice","82037:D0E3LACXX:1:250058655"
"248",5e-06,0.077554,0.901691,5e-06,0.020745,"86449","South Asian weedy rice","86449:D0E3LACXX:1:250058661"
"249",5e-06,5e-06,5e-06,5e-06,0.999981,"86478","South Asian weedy rice","86478:D0E3LACXX:1:250058662"
"254",5e-06,0.366127,0.345855,5e-06,0.288007,"89191","South Asian weedy rice","89191:D0E3LACXX:1:250058656"
"255",5e-06,0.213964,0.672254,5e-06,0.113773,"89235","South Asian weedy rice","89235:D0E3LACXX:1:250058670"
"256",5e-06,0.377641,0.368692,5e-06,0.253657,"89240","South Asian weedy rice","89240:D0E3LACXX:1:250058671"
"268",5e-06,0.446963,0.553023,5e-06,5e-06,"99599","South Asian weedy rice","99599:D0E3LACXX:1:250058649"
"269",5e-06,5e-06,5e-06,0.99998,5e-06,"99601","South Asian weedy rice","99601:D0E3LACXX:1:250058650"
"344",9e-06,0.191699,0.808274,9e-06,9e-06,"IRGC_100915","South Asian weedy rice","IRGC_100915:C08MWACXX:6:78"
"364",0.038445,0.074585,0.886959,5e-06,5e-06,"IRRI_100200","South Asian weedy rice","IRRI_100200:C08MWACXX:7:101"
"365",5e-06,0.246864,0.753121,5e-06,5e-06,"IRRI_103790","South Asian weedy rice","IRRI_103790:C08MWACXX:7:102"
"366",5e-06,0.000296,0.530402,0.469292,5e-06,"IRRI_103791","South Asian weedy rice","IRRI_103791:C08MWACXX:7:103"
"367",5e-06,5e-06,5e-06,5e-06,0.99998,"IRRI_103826","South Asian weedy rice","IRRI_103826:C08MWACXX:7:104"
"368",5e-06,5e-06,0.049551,5e-06,0.950434,"IRRI_103829","South Asian weedy rice","IRRI_103829:C08MWACXX:7:105"
"369",5e-06,5e-06,0.721636,5e-06,0.278348,"IRRI_103832","South Asian weedy rice","IRRI_103832:C08MWACXX:7:106"
"370",6e-06,6e-06,0.467056,6e-06,0.532925,"IRRI_103833","South Asian weedy rice","IRRI_103833:C08MWACXX:7:107"
"371",5e-06,5e-06,5e-06,5e-06,0.99998,"IRRI_103834","South Asian weedy rice","IRRI_103834:C08MWACXX:7:108"
"372",0.034667,0.117561,5e-06,5e-06,0.847762,"IRRI_103842","South Asian weedy rice","IRRI_103842:C08MWACXX:7:109"
"373",5e-06,5e-06,5e-06,0.999979,5e-06,"IRRI_105311","South Asian weedy rice","IRRI_105311:C08MWACXX:7:110"
"374",5e-06,0.081904,0.423211,0.238878,0.256002,"IRRI_105330","South Asian weedy rice","IRRI_105330:C08MWACXX:7:111"
"375",5e-06,5e-06,5e-06,0.99998,5e-06,"IRRI_105337","South Asian weedy rice","IRRI_105337:C08MWACXX:7:112"
"376",5e-06,5e-06,5e-06,0.99998,5e-06,"IRRI_105341","South Asian weedy rice","IRRI_105341:C08MWACXX:7:113"
"377",5e-06,5e-06,5e-06,0.99998,5e-06,"IRRI_105343","South Asian weedy rice","IRRI_105343:C08MWACXX:7:114"
"378",5e-06,5e-06,0.105474,0.894511,5e-06,"IRRI_105351","South Asian weedy rice","IRRI_105351:C08MWACXX:7:115"
"379",5e-06,0.019959,5e-06,5e-06,0.980026,"IRRI_105869","South Asian weedy rice","IRRI_105869:C08MWACXX:7:116"
"380",0.247986,0.278062,0.370817,5e-06,0.10313,"IRRI_105874","South Asian weedy rice","IRRI_105874:C08MWACXX:7:117"
"381",5e-06,0.032227,0.780924,5e-06,0.18684,"IRRI_105877","South Asian weedy rice","IRRI_105877:C08MWACXX:7:118"
"382",5e-06,0.03819,0.586125,5e-06,0.375675,"IRRI_105880","South Asian weedy rice","IRRI_105880:C08MWACXX:7:119"
"383",5e-06,5e-06,5e-06,5e-06,0.99998,"IRRI_105892","South Asian weedy rice","IRRI_105892:C08MWACXX:7:120"
"384",5e-06,0.037792,5e-06,5e-06,0.962193,"IRRI_105907","South Asian weedy rice","IRRI_105907:C08MWACXX:7:121"
"385",5e-06,0.604462,0.395523,5e-06,5e-06,"IRRI_106030","South Asian weedy rice","IRRI_106030:C08MWACXX:7:122"
"386",5e-06,0.012584,5e-06,5e-06,0.987401,"IRRI_106032","South Asian weedy rice","IRRI_106032:C08MWACXX:7:123"
"387",6e-06,0.560933,0.43905,6e-06,6e-06,"IRRI_106043","South Asian weedy rice","IRRI_106043:C08MWACXX:7:124"
"388",6e-06,6e-06,6e-06,6e-06,0.999978,"IRRI_106076","South Asian weedy rice","IRRI_106076:C08MWACXX:7:125"
"389",8e-06,8e-06,8e-06,8e-06,0.999968,"IRRI_106120","South Asian weedy rice","IRRI_106120:C08MWACXX:7:126"
"390",5e-06,5e-06,5e-06,5e-06,0.999978,"IRRI_106137","South Asian weedy rice","IRRI_106137:C08MWACXX:7:127"
"391",0.331029,0.513406,0.155555,5e-06,5e-06,"IRRI_106228","South Asian weedy rice","IRRI_106228:C08MWACXX:7:128"
"392",5e-06,0.115501,0.669911,5e-06,0.214577,"IRRI_106401","South Asian weedy rice","IRRI_106401:C08MWACXX:7:129"
"398",5e-06,5e-06,0.99998,5e-06,5e-06,"IRRI_74723","South Asian weedy rice","IRRI_74723:C08MWACXX:6:69"
"399",6e-06,6e-06,6e-06,6e-06,0.999975,"IRRI_80539","South Asian weedy rice","IRRI_80539:C08MWACXX:6:70"
"400",6e-06,0.098877,6e-06,6e-06,0.901106,"IRRI_80568","South Asian weedy rice","IRRI_80568:C08MWACXX:6:71"
"401",5e-06,5e-06,5e-06,5e-06,0.99998,"IRRI_80591","South Asian weedy rice","IRRI_80591:C08MWACXX:6:72"
"402",5e-06,5e-06,5e-06,5e-06,0.999981,"IRRI_80614","South Asian weedy rice","IRRI_80614:C08MWACXX:6:73"
"403",6e-06,0.044754,6e-06,0.017764,0.93747,"IRRI_80626","South Asian weedy rice","IRRI_80626:C08MWACXX:6:74"
"404",7e-06,0.228161,0.266938,7e-06,0.504887,"IRRI_80723","South Asian weedy rice","IRRI_80723:C08MWACXX:6:75"
"405",7e-06,0.399503,0.600477,7e-06,7e-06,"IRRI_80741","South Asian weedy rice","IRRI_80741:C08MWACXX:6:76"
"406",5e-06,5e-06,5e-06,5e-06,0.999979,"IRRI_81902","South Asian weedy rice","IRRI_81902:C08MWACXX:6:77"
"407",5e-06,5e-06,5e-06,0.999979,5e-06,"IRRI_81908","South Asian weedy rice","IRRI_81908:C08MWACXX:6:79"
"408",5e-06,5e-06,5e-06,0.99998,5e-06,"IRRI_81910","South Asian weedy rice","IRRI_81910:C08MWACXX:6:80"
"409",1.5e-05,1.5e-05,1.5e-05,1.5e-05,0.999941,"IRRI_81914","South Asian weedy rice","IRRI_81914:C08MWACXX:6:81"
"410",5e-06,5e-06,5e-06,0.999979,5e-06,"IRRI_81924","South Asian weedy rice","IRRI_81924:C08MWACXX:6:82"
"411",5e-06,5e-06,5e-06,0.99998,5e-06,"IRRI_81929","South Asian weedy rice","IRRI_81929:C08MWACXX:6:83"
"412",5e-06,0.078991,5e-06,0.039622,0.881377,"IRRI_82008","South Asian weedy rice","IRRI_82008:C08MWACXX:6:84"
"413",0.999981,5e-06,5e-06,5e-06,5e-06,"IRRI_83256","South Asian weedy rice","IRRI_83256:C08MWACXX:6:85"
"414",0.438736,0.332339,5e-06,0.060471,0.168448,"IRRI_86477","South Asian weedy rice","IRRI_86477:C08MWACXX:6:86"
"415",5e-06,5e-06,5e-06,5e-06,0.99998,"IRRI_86478","South Asian weedy rice","IRRI_86478:C08MWACXX:6:87"
"416",7e-06,0.024565,7e-06,7e-06,0.975412,"IRRI_93178","South Asian weedy rice","IRRI_93178:C08MWACXX:6:88"
"417",5e-06,0.034642,5e-06,5e-06,0.965343,"IRRI_93179","South Asian weedy rice","IRRI_93179:C08MWACXX:6:89"
"418",5e-06,5e-06,5e-06,0.999979,5e-06,"IRRI_93189","South Asian weedy rice","IRRI_93189:C08MWACXX:6:90"
"419",5e-06,5e-06,5e-06,5e-06,0.99998,"IRRI_93293","South Asian weedy rice","IRRI_93293:C08MWACXX:6:92"
"420",5e-06,5e-06,5e-06,5e-06,0.999979,"IRRI_93297","South Asian weedy rice","IRRI_93297:C08MWACXX:6:93"
"421",6e-06,6e-06,6e-06,6e-06,0.999978,"IRRI_93302","South Asian weedy rice","IRRI_93302:C08MWACXX:6:94"
"422",0.021702,6e-06,6e-06,6e-06,0.97828,"IRRI_93303","South Asian weedy rice","IRRI_93303:C08MWACXX:6:95"
"423",5e-06,5e-06,5e-06,5e-06,0.999981,"IRRI_93305","South Asian weedy rice","IRRI_93305:C08MWACXX:7:97"
"424",5e-06,5e-06,5e-06,5e-06,0.999981,"IRRI_93307","South Asian weedy rice","IRRI_93307:C08MWACXX:7:98"
"425",5e-06,5e-06,5e-06,5e-06,0.999981,"IRRI_93313","South Asian weedy rice","IRRI_93313:C08MWACXX:7:99"
"426",5e-06,5e-06,0.878971,5e-06,0.121014,"IRRI_93320","South Asian weedy rice","IRRI_93320:C08MWACXX:7:100"
"270",7e-06,7e-06,0.999971,7e-06,7e-06,"BG17","SE Asian weedy rice","BG17:D1FW5ACXX:3:250121622"
"271",7e-06,7e-06,0.999972,7e-06,7e-06,"BG20","SE Asian weedy rice","BG20:D1FW5ACXX:3:250121617"
"272",6e-06,6e-06,0.999976,6e-06,6e-06,"BG22","SE Asian weedy rice","BG22:C1B2JACXX:6:250121618"
"427",5e-06,5e-06,0.99998,5e-06,5e-06,"KS02","SE Asian weedy rice","KS02:C1B2JACXX:6:250121601"
"428",5e-06,0.001789,0.998196,5e-06,5e-06,"KS05","SE Asian weedy rice","KS05:C1B2JACXX:6:250121602"
"429",6e-06,6e-06,0.999977,6e-06,6e-06,"MG04","SE Asian weedy rice","MG04:D1FW5ACXX:3:250121615"
"430",5e-06,5e-06,0.993615,5e-06,0.006369,"MG06","SE Asian weedy rice","MG06:C1B2JACXX:6:250121616"
"431",6e-06,6e-06,0.999976,6e-06,6e-06,"MG20","SE Asian weedy rice","MG20:D1FW5ACXX:3:250121621"
"432",6e-06,6e-06,0.999977,6e-06,6e-06,"MK09","SE Asian weedy rice","MK09:C1B2JACXX:6:250121609"
"433",6e-06,6e-06,0.999975,6e-06,6e-06,"MK10","SE Asian weedy rice","MK10:D1FW5ACXX:3:250121610"
"434",5e-06,5e-06,0.999978,5e-06,5e-06,"MS15","SE Asian weedy rice","MS15:D1FW5ACXX:3:250121611"
"435",6e-06,6e-06,0.999978,6e-06,6e-06,"MS18","SE Asian weedy rice","MS18:D1FW5ACXX:3:250121612"
"436",5e-06,5e-06,0.999981,5e-06,5e-06,"MUSC001","SE Asian weedy rice","MUSC001:C08JYACXX:7:254"
"437",5e-06,0.038764,0.96122,5e-06,5e-06,"MUSC007","SE Asian weedy rice","MUSC007:C08JYACXX:7:266"
"438",5e-06,0.126394,0.873591,5e-06,5e-06,"MUSC012","SE Asian weedy rice","MUSC012:C08JYACXX:7:278"
"439",5e-06,5e-06,0.999981,5e-06,5e-06,"MUSC017","SE Asian weedy rice","MUSC017:C08JYACXX:7:195"
"440",5e-06,0.060286,0.939699,5e-06,5e-06,"MUSC023","SE Asian weedy rice","MUSC023:C08JYACXX:7:207"
"441",5e-06,0.09445,0.905535,5e-06,5e-06,"MUSC026","SE Asian weedy rice","MUSC026:C08JYACXX:7:219"
"442",5e-06,5e-06,0.999978,5e-06,5e-06,"MUSC032","SE Asian weedy rice","MUSC032:C08JYACXX:7:231"
"443",6e-06,6e-06,0.999977,6e-06,6e-06,"MUSC038","SE Asian weedy rice","MUSC038:C08JYACXX:7:243"
"444",5e-06,5e-06,0.999979,5e-06,5e-06,"MUSC043","SE Asian weedy rice","MUSC043:C08JYACXX:7:255"
"445",5e-06,5e-06,0.999978,5e-06,5e-06,"MUSC052","SE Asian weedy rice","MUSC052:C08JYACXX:7:267"
"446",5e-06,5e-06,0.999981,5e-06,5e-06,"MUSC055","SE Asian weedy rice","MUSC055:C08JYACXX:7:279"
"447",5e-06,0.041624,0.958362,5e-06,5e-06,"MUSC060","SE Asian weedy rice","MUSC060:C08JYACXX:7:196"
"448",5e-06,5e-06,0.999981,5e-06,5e-06,"MUSC062","SE Asian weedy rice","MUSC062:C08JYACXX:7:208"
"449",5e-06,5e-06,0.999979,5e-06,5e-06,"MUSC065","SE Asian weedy rice","MUSC065:C08JYACXX:7:220"
"450",5e-06,5e-06,0.999981,5e-06,5e-06,"MUSC067","SE Asian weedy rice","MUSC067:C08JYACXX:7:232"
"451",5e-06,5e-06,0.99998,5e-06,5e-06,"MUSC069","SE Asian weedy rice","MUSC069:C08JYACXX:7:244"
"452",6e-06,0.052909,0.947074,6e-06,6e-06,"MUSC072","SE Asian weedy rice","MUSC072:C08JYACXX:7:256"
"453",6e-06,6e-06,0.999977,6e-06,6e-06,"MUSC079","SE Asian weedy rice","MUSC079:C08JYACXX:7:268"
"454",5e-06,5e-06,0.793181,5e-06,0.206805,"MUSC081","SE Asian weedy rice","MUSC081:C08JYACXX:7:280"
"455",5e-06,0.019523,0.980463,5e-06,5e-06,"MUSC086","SE Asian weedy rice","MUSC086:C08JYACXX:7:197"
"456",5e-06,5e-06,0.999981,5e-06,5e-06,"MUSC098","SE Asian weedy rice","MUSC098:C08JYACXX:7:209"
"457",5e-06,5e-06,0.999979,5e-06,5e-06,"MUSC100","SE Asian weedy rice","MUSC100:C08JYACXX:7:221"
"458",5e-06,5e-06,0.999979,5e-06,5e-06,"MUSC103","SE Asian weedy rice","MUSC103:C08JYACXX:7:233"
"459",5e-06,5e-06,0.999981,5e-06,5e-06,"MUSC106","SE Asian weedy rice","MUSC106:C08JYACXX:7:245"
"460",5e-06,5e-06,0.999979,5e-06,5e-06,"MUSC114","SE Asian weedy rice","MUSC114:C08JYACXX:7:269"
"461",5e-06,5e-06,0.99998,5e-06,5e-06,"MUSC117","SE Asian weedy rice","MUSC117:C08JYACXX:7:281"
"462",5e-06,5e-06,0.999981,5e-06,5e-06,"MUSC119","SE Asian weedy rice","MUSC119:C08JYACXX:7:198"
"463",5e-06,0.025689,0.974297,5e-06,5e-06,"MUSC122","SE Asian weedy rice","MUSC122:C08JYACXX:7:210"
"464",7e-06,0.058643,0.941337,7e-06,7e-06,"MUSC128","SE Asian weedy rice","MUSC128:C08JYACXX:7:222"
"465",5e-06,5e-06,0.999981,5e-06,5e-06,"MUSC132","SE Asian weedy rice","MUSC132:C08JYACXX:7:234"
"466",5e-06,5e-06,0.999979,5e-06,5e-06,"MUSC134","SE Asian weedy rice","MUSC134:C08JYACXX:7:246"
"467",5e-06,0.120384,0.8796,5e-06,5e-06,"MUSC136","SE Asian weedy rice","MUSC136:C08JYACXX:7:258"
"468",7e-06,0.045196,0.954784,7e-06,7e-06,"MUSC138","SE Asian weedy rice","MUSC138:C08JYACXX:7:270"
"469",5e-06,0.057554,0.942431,5e-06,5e-06,"MUSC141","SE Asian weedy rice","MUSC141:C08JYACXX:7:282"
"470",5e-06,5e-06,0.999981,5e-06,5e-06,"MUSC142","SE Asian weedy rice","MUSC142:C08JYACXX:7:199"
"471",5e-06,5e-06,0.99998,5e-06,5e-06,"MUSC143","SE Asian weedy rice","MUSC143:C08JYACXX:7:211"
"472",6e-06,0.147536,0.852447,6e-06,6e-06,"MUSC145","SE Asian weedy rice","MUSC145:C08JYACXX:7:223"
"473",6e-06,6e-06,0.999977,6e-06,6e-06,"MUSC146","SE Asian weedy rice","MUSC146:C08JYACXX:7:235"
"474",5e-06,5e-06,0.999978,5e-06,5e-06,"MUSC150","SE Asian weedy rice","MUSC150:C08JYACXX:7:247"
"475",6e-06,6e-06,0.999977,6e-06,6e-06,"MUSC154","SE Asian weedy rice","MUSC154:C08JYACXX:7:259"
"476",6e-06,6e-06,0.999976,6e-06,6e-06,"MUSC161","SE Asian weedy rice","MUSC161:C08JYACXX:7:271"
"477",5e-06,5e-06,0.829602,5e-06,0.170383,"MUSC171","SE Asian weedy rice","MUSC171:C08JYACXX:7:283"
"478",5e-06,5e-06,0.99998,5e-06,5e-06,"MUSC177","SE Asian weedy rice","MUSC177:C08JYACXX:7:200"
"479",5e-06,5e-06,0.826477,5e-06,0.173508,"MUSC178","SE Asian weedy rice","MUSC178:C08JYACXX:7:212"
"480",5e-06,0.076912,0.923073,5e-06,5e-06,"MUSC187","SE Asian weedy rice","MUSC187:C08JYACXX:7:224"
"481",5e-06,5e-06,0.998665,0.00132,5e-06,"MUSC188","SE Asian weedy rice","MUSC188:C08JYACXX:7:236"
"493",5e-06,5e-06,0.999981,5e-06,5e-06,"MUSC225","SE Asian weedy rice","MUSC225:C08JYACXX:7:250"
"494",5e-06,5e-06,0.999979,5e-06,5e-06,"MUSC232","SE Asian weedy rice","MUSC232:C08JYACXX:7:262"
"495",5e-06,5e-06,0.350069,0.017874,0.632048,"MUSC234","SE Asian weedy rice","MUSC234:C08JYACXX:7:274"
"496",5e-06,5e-06,0.790918,5e-06,0.209067,"MUSC235","SE Asian weedy rice","MUSC235:C08JYACXX:7:286"
"497",5e-06,5e-06,0.999978,5e-06,5e-06,"MUSC237","SE Asian weedy rice","MUSC237:C08JYACXX:7:203"
"498",6e-06,6e-06,0.999977,6e-06,6e-06,"NT01","SE Asian weedy rice","NT01:D1FW5ACXX:3:250121613"
"499",7e-06,7e-06,0.999971,7e-06,7e-06,"NT05","SE Asian weedy rice","NT05:D1FW5ACXX:3:250121614"
"525",5e-06,5e-06,0.999979,5e-06,5e-06,"TA06","SE Asian weedy rice","TA06:C1B2JACXX:6:250121607"
"526",5e-06,0.072196,0.927788,5e-06,5e-06,"TA10","SE Asian weedy rice","TA10:D1FW5ACXX:3:250121608"
"527",5e-06,0.091026,0.90896,5e-06,5e-06,"TA22","SE Asian weedy rice","TA22:C1B2JACXX:6:250121620"
"528",6e-06,6e-06,0.999977,6e-06,6e-06,"TS09","SE Asian weedy rice","TS09:D1FW5ACXX:3:250121603"
"529",5e-06,5e-06,0.999978,5e-06,5e-06,"TS15","SE Asian weedy rice","TS15:C1B2JACXX:6:250121604"
"530",5e-06,5e-06,0.999978,5e-06,5e-06,"TW05","SE Asian weedy rice","TW05:C1B2JACXX:6:250121619"
"531",5e-06,5e-06,0.999979,5e-06,5e-06,"TW13","SE Asian weedy rice","TW13:C1B2JACXX:6:250121605"
"532",6e-06,0.027284,0.9727,6e-06,6e-06,"TW16","SE Asian weedy rice","TW16:C1B2JACXX:6:250121606"
"48",0.066633,5e-06,0.933353,5e-06,5e-06,"112801","NE Asian weedy rice","112801:C1B2JACXX:6:250121592"
"49",0.99998,5e-06,5e-06,5e-06,5e-06,"112821","NE Asian weedy rice","112821:D1FW5ACXX:3:250121593"
"50",0.999979,5e-06,5e-06,5e-06,5e-06,"112832","NE Asian weedy rice","112832:C1B2JACXX:6:250121594"
"51",0.99998,5e-06,5e-06,5e-06,5e-06,"113866","NE Asian weedy rice","113866:C1B2JACXX:6:250121595"
"53",0.023896,5e-06,0.97609,5e-06,5e-06,"115298","NE Asian weedy rice","115298:C1B2JACXX:6:250121596"
"54",0.99998,5e-06,5e-06,5e-06,5e-06,"115306","NE Asian weedy rice","115306:C1B2JACXX:6:250121584"
"55",0.999981,5e-06,5e-06,5e-06,5e-06,"115580","NE Asian weedy rice","115580:C1B2JACXX:6:250121599"
"56",0.99998,5e-06,5e-06,5e-06,5e-06,"117123","NE Asian weedy rice","117123:D1FW5ACXX:3:250121600"
"57",0.999979,5e-06,5e-06,5e-06,5e-06,"117124","NE Asian weedy rice","117124:C1B2JACXX:6:250121597"
"259",0.99998,5e-06,5e-06,5e-06,5e-06,"90734","NE Asian weedy rice","90734:C1B2JACXX:6:250121585"
"260",0.089432,5e-06,0.910554,5e-06,5e-06,"90740","NE Asian weedy rice","90740:C1B2JACXX:6:250121583"
"261",0.99998,5e-06,5e-06,5e-06,5e-06,"90752","NE Asian weedy rice","90752:C1B2JACXX:6:250121586"
"262",0.99998,5e-06,5e-06,5e-06,5e-06,"90754","NE Asian weedy rice","90754:C1B2JACXX:6:250121587"
"263",0.99998,5e-06,5e-06,5e-06,5e-06,"90785","NE Asian weedy rice","90785:C1B2JACXX:6:250121598"
"264",0.065148,5e-06,0.934837,5e-06,5e-06,"90818","NE Asian weedy rice","90818:C1B2JACXX:6:250121588"
"265",0.999979,5e-06,5e-06,5e-06,5e-06,"90819","NE Asian weedy rice","90819:C1B2JACXX:6:250121589"
"266",0.99998,5e-06,5e-06,5e-06,5e-06,"90822","NE Asian weedy rice","90822:C1B2JACXX:6:250121590"
"267",0.052398,5e-06,0.947586,5e-06,5e-06,"90835","NE Asian weedy rice","90835:C1B2JACXX:6:250121591"
"60",5e-06,5e-06,0.748836,5e-06,0.25115,"1_10","Colombian weedy rice","1_10:C81ECANXX:6:250541068"
"61",0.005309,5e-06,0.657809,5e-06,0.336873,"1_11","Colombian weedy rice","1_11:C81ECANXX:6:250541076"
"62",0.165229,5e-06,0.834757,5e-06,5e-06,"1_12","Colombian weedy rice","1_12:C81ECANXX:6:250541084"
"63",0.074448,5e-06,0.887016,5e-06,0.038526,"1_13","Colombian weedy rice","1_13:C81ECANXX:6:250540997"
"64",5e-06,5e-06,0.987533,5e-06,0.012453,"1_15","Colombian weedy rice","1_15:C81ECANXX:6:250541005"
"65",0.054309,5e-06,0.885945,5e-06,0.059736,"1_16","Colombian weedy rice","1_16:C81ECANXX:7:250541123"
"66",0.018035,5e-06,0.90185,5e-06,0.080105,"1_18","Colombian weedy rice","1_18:C81ECANXX:7:250541131"
"67",5e-06,5e-06,0.751921,5e-06,0.248064,"1_19","Colombian weedy rice","1_19:C81ECANXX:7:250541139"
"68",0.130528,5e-06,0.575273,5e-06,0.29419,"1_1","Colombian weedy rice","1_1:C81ECANXX:6:250540996"
"69",0.206415,5e-06,0.687818,5e-06,0.105757,"1_20","Colombian weedy rice","1_20:C81ECANXX:7:250541147"
"70",5e-06,5e-06,0.999981,5e-06,5e-06,"1_21","Colombian weedy rice","1_21:C81ECANXX:7:250541155"
"71",0.081242,5e-06,0.918744,5e-06,5e-06,"1_22","Colombian weedy rice","1_22:C81ECANXX:7:250541163"
"72",5e-06,5e-06,0.790894,5e-06,0.209092,"1_23","Colombian weedy rice","1_23:C81ECANXX:7:250541171"
"73",5e-06,5e-06,0.99998,5e-06,5e-06,"1_24","Colombian weedy rice","1_24:C81ECANXX:7:250541179"
"74",0.113673,5e-06,0.712863,5e-06,0.173454,"1_25","Colombian weedy rice","1_25:C81ECANXX:7:250541187"
"75",0.037134,5e-06,0.871252,5e-06,0.091604,"1_26","Colombian weedy rice","1_26:C81ECANXX:7:250541195"
"76",0.122509,5e-06,0.63905,5e-06,0.238431,"1_27","Colombian weedy rice","1_27:C81ECANXX:7:250541203"
"77",5e-06,5e-06,0.564963,5e-06,0.435023,"1_28","Colombian weedy rice","1_28:C81ECANXX:7:250541211"
"78",0.162455,5e-06,0.735975,5e-06,0.101561,"1_29","Colombian weedy rice","1_29:C81ECANXX:7:250541124"
"79",5e-06,5e-06,0.605332,5e-06,0.394653,"1_2","Colombian weedy rice","1_2:C81ECANXX:6:250541004"
"80",5e-06,5e-06,0.499187,5e-06,0.500799,"1_3","Colombian weedy rice","1_3:C81ECANXX:6:250541012"
"81",0.028446,5e-06,0.65118,5e-06,0.320364,"1_4","Colombian weedy rice","1_4:C81ECANXX:6:250541020"
"82",5e-06,5e-06,0.878854,5e-06,0.121132,"1_5","Colombian weedy rice","1_5:C81ECANXX:6:250541028"
"83",0.111677,5e-06,0.822668,5e-06,0.065646,"1_6","Colombian weedy rice","1_6:C81ECANXX:6:250541036"
"84",5e-06,5e-06,0.684998,5e-06,0.314988,"1_8","Colombian weedy rice","1_8:C81ECANXX:6:250541044"
"85",5e-06,5e-06,0.718609,5e-06,0.281377,"1_9","Colombian weedy rice","1_9:C81ECANXX:6:250541060"
"87",0.045177,5e-06,0.650278,5e-06,0.304536,"2_10","Colombian weedy rice","2_10:C81ECANXX:7:250541204"
"88",0.047089,5e-06,0.952897,5e-06,5e-06,"2_11","Colombian weedy rice","2_11:C81ECANXX:7:250541212"
"89",5e-06,5e-06,0.968925,5e-06,0.03106,"2_12","Colombian weedy rice","2_12:C81ECANXX:6:250541013"
"90",5e-06,5e-06,0.999981,5e-06,5e-06,"2_13","Colombian weedy rice","2_13:C81ECANXX:6:250541021"
"91",5e-06,5e-06,0.958848,5e-06,0.041137,"2_14","Colombian weedy rice","2_14:C81ECANXX:6:250541029"
"92",5e-06,5e-06,5e-06,5e-06,0.999981,"2_15","Colombian weedy rice","2_15:C81ECANXX:6:250541037"
"93",5e-06,5e-06,0.999981,5e-06,5e-06,"2_16","Colombian weedy rice","2_16:C81ECANXX:6:250541045"
"94",5e-06,5e-06,0.924144,5e-06,0.075841,"2_17","Colombian weedy rice","2_17:C81ECANXX:6:250541053"
"95",5e-06,5e-06,0.905982,5e-06,0.094004,"2_18","Colombian weedy rice","2_18:C81ECANXX:6:250541061"
"96",5e-06,5e-06,0.959603,5e-06,0.040383,"2_19","Colombian weedy rice","2_19:C81ECANXX:6:250541069"
"97",0.039304,5e-06,0.787003,5e-06,0.173684,"2_1","Colombian weedy rice","2_1:C81ECANXX:7:250541132"
"98",5e-06,5e-06,0.972999,5e-06,0.026986,"2_20","Colombian weedy rice","2_20:C81ECANXX:6:250541077"
"99",5e-06,5e-06,0.906289,5e-06,0.093697,"2_21","Colombian weedy rice","2_21:C81ECANXX:6:250541085"
"100",5e-06,5e-06,0.999981,5e-06,5e-06,"2_22","Colombian weedy rice","2_22:C81ECANXX:6:250540998"
"101",5e-06,5e-06,0.999981,5e-06,5e-06,"2_23","Colombian weedy rice","2_23:C81ECANXX:6:250541006"
"102",5e-06,5e-06,0.972019,5e-06,0.027967,"2_24","Colombian weedy rice","2_24:C81ECANXX:6:250541014"
"103",5e-06,5e-06,0.767115,5e-06,0.232871,"2_25","Colombian weedy rice","2_25:C81ECANXX:6:250541022"
"104",5e-06,5e-06,0.743843,5e-06,0.256142,"2_26","Colombian weedy rice","2_26:C81ECANXX:6:250541030"
"105",0.103739,5e-06,0.896246,5e-06,5e-06,"2_27","Colombian weedy rice","2_27:C81ECANXX:6:250541038"
"106",0.04917,5e-06,0.950815,5e-06,5e-06,"2_28","Colombian weedy rice","2_28:C81ECANXX:6:250541046"
"107",0.006803,5e-06,0.838492,5e-06,0.154696,"2_29","Colombian weedy rice","2_29:C81ECANXX:6:250541054"
"108",5e-06,5e-06,0.492658,5e-06,0.507328,"2_2","Colombian weedy rice","2_2:C81ECANXX:7:250541140"
"109",5e-06,5e-06,0.999981,5e-06,5e-06,"2_30","Colombian weedy rice","2_30:C81ECANXX:6:250541062"
"110",5e-06,5e-06,0.909692,5e-06,0.090294,"2_31","Colombian weedy rice","2_31:C81ECANXX:6:250541070"
"111",5e-06,5e-06,0.934123,5e-06,0.065863,"2_32","Colombian weedy rice","2_32:C81ECANXX:6:250541078"
"112",0.026889,5e-06,0.973096,5e-06,5e-06,"2_33","Colombian weedy rice","2_33:C81ECANXX:6:250541086"
"113",0.150157,5e-06,0.849828,5e-06,5e-06,"2_34","Colombian weedy rice","2_34:C81ECANXX:6:250540999"
"114",5e-06,5e-06,0.109283,5e-06,0.890702,"2_3","Colombian weedy rice","2_3:C81ECANXX:7:250541148"
"115",5e-06,5e-06,0.795845,5e-06,0.204141,"2_4","Colombian weedy rice","2_4:C81ECANXX:7:250541156"
"116",5e-06,5e-06,0.374905,5e-06,0.625081,"2_5","Colombian weedy rice","2_5:C81ECANXX:7:250541164"
"117",0.063794,5e-06,0.6457,5e-06,0.290496,"2_6","Colombian weedy rice","2_6:C81ECANXX:7:250541172"
"118",5e-06,5e-06,0.889882,5e-06,0.110103,"2_7","Colombian weedy rice","2_7:C81ECANXX:7:250541180"
"119",0.02987,5e-06,0.844125,5e-06,0.125996,"2_8","Colombian weedy rice","2_8:C81ECANXX:7:250541188"
"120",0.064406,5e-06,0.677053,5e-06,0.258531,"2_9","Colombian weedy rice","2_9:C81ECANXX:7:250541196"
"121",5e-06,5e-06,0.103219,5e-06,0.896767,"3_10","Colombian weedy rice","3_10:C81ECANXX:7:250541197"
"122",5e-06,5e-06,0.887118,5e-06,0.112868,"3_11","Colombian weedy rice","3_11:C81ECANXX:7:250541205"
"123",5e-06,5e-06,0.968555,5e-06,0.03143,"3_13","Colombian weedy rice","3_13:C81ECANXX:7:250541213"
"124",5e-06,5e-06,0.913652,5e-06,0.086334,"3_14","Colombian weedy rice","3_14:C81ECANXX:7:250541126"
"125",5e-06,5e-06,0.919546,5e-06,0.080439,"3_15","Colombian weedy rice","3_15:C81ECANXX:7:250541134"
"126",5e-06,5e-06,0.785028,5e-06,0.214958,"3_16","Colombian weedy rice","3_16:C81ECANXX:7:250541142"
"127",5e-06,5e-06,0.754368,5e-06,0.245617,"3_17","Colombian weedy rice","3_17:C81ECANXX:7:250541150"
"128",0.026682,5e-06,0.862958,5e-06,0.11035,"3_18","Colombian weedy rice","3_18:C81ECANXX:7:250541158"
"129",5e-06,5e-06,0.914603,5e-06,0.085383,"3_19","Colombian weedy rice","3_19:C81ECANXX:7:250541166"
"130",5e-06,5e-06,0.551701,5e-06,0.448284,"3_1","Colombian weedy rice","3_1:C81ECANXX:7:250541125"
"131",5e-06,5e-06,0.93431,5e-06,0.065676,"3_20","Colombian weedy rice","3_20:C81ECANXX:7:250541174"
"132",0.06139,5e-06,0.938596,5e-06,5e-06,"3_21","Colombian weedy rice","3_21:C81ECANXX:7:250541182"
"133",5e-06,5e-06,0.884613,5e-06,0.115373,"3_22","Colombian weedy rice","3_22:C81ECANXX:7:250541190"
"134",5e-06,5e-06,0.703803,5e-06,0.296183,"3_23","Colombian weedy rice","3_23:C81ECANXX:7:250541198"
"135",5e-06,5e-06,0.702481,5e-06,0.297505,"3_24","Colombian weedy rice","3_24:C81ECANXX:7:250541206"
"136",5e-06,5e-06,0.984225,5e-06,0.01576,"3_25","Colombian weedy rice","3_25:C81ECANXX:7:250541214"
"137",5e-06,5e-06,0.720473,5e-06,0.279512,"3_26","Colombian weedy rice","3_26:C81ECANXX:7:250541127"
"138",5e-06,5e-06,0.677468,5e-06,0.322518,"3_27","Colombian weedy rice","3_27:C81ECANXX:7:250541135"
"139",5e-06,5e-06,0.999981,5e-06,5e-06,"3_29","Colombian weedy rice","3_29:C81ECANXX:7:250541143"
"140",5e-06,5e-06,0.099942,5e-06,0.900044,"3_2","Colombian weedy rice","3_2:C81ECANXX:7:250541133"
"141",0.062161,5e-06,0.937825,5e-06,5e-06,"3_30","Colombian weedy rice","3_30:C81ECANXX:7:250541151"
"142",5e-06,5e-06,0.779561,5e-06,0.220424,"3_3","Colombian weedy rice","3_3:C81ECANXX:7:250541141"
"143",5e-06,5e-06,0.27819,5e-06,0.721795,"3_4","Colombian weedy rice","3_4:C81ECANXX:7:250541149"
"144",5e-06,5e-06,0.89041,5e-06,0.109576,"3_5","Colombian weedy rice","3_5:C81ECANXX:7:250541157"
"145",5e-06,5e-06,0.657829,5e-06,0.342157,"3_6","Colombian weedy rice","3_6:C81ECANXX:7:250541165"
"146",5e-06,5e-06,0.497981,5e-06,0.502005,"3_7","Colombian weedy rice","3_7:C81ECANXX:7:250541173"
"147",0.012435,5e-06,0.85915,5e-06,0.128405,"3_8","Colombian weedy rice","3_8:C81ECANXX:7:250541181"
"148",5e-06,5e-06,0.882499,5e-06,0.117487,"3_9","Colombian weedy rice","3_9:C81ECANXX:7:250541189"
"150",5e-06,5e-06,0.549038,5e-06,0.450947,"4_10","Colombian weedy rice","4_10:C81ECANXX:6:250541071"
"151",5e-06,5e-06,0.687978,5e-06,0.312008,"4_11","Colombian weedy rice","4_11:C81ECANXX:6:250541079"
"152",0.115452,5e-06,0.236974,5e-06,0.647564,"4_12","Colombian weedy rice","4_12:C81ECANXX:6:250541087"
"153",5e-06,5e-06,0.999981,5e-06,5e-06,"4_13","Colombian weedy rice","4_13:C81ECANXX:6:250541000"
"154",5e-06,5e-06,0.91069,5e-06,0.089295,"4_14","Colombian weedy rice","4_14:C81ECANXX:6:250541008"
"155",5e-06,5e-06,0.99998,5e-06,5e-06,"4_15","Colombian weedy rice","4_15:C81ECANXX:6:250541016"
"156",5e-06,5e-06,0.697321,5e-06,0.302665,"4_16","Colombian weedy rice","4_16:C81ECANXX:6:250541024"
"157",5e-06,5e-06,0.940012,5e-06,0.059973,"4_17","Colombian weedy rice","4_17:C81ECANXX:6:250541032"
"158",0.041484,5e-06,0.876997,5e-06,0.081509,"4_18","Colombian weedy rice","4_18:C81ECANXX:6:250541040"
"159",5e-06,5e-06,0.347734,5e-06,0.652251,"4_19","Colombian weedy rice","4_19:C81ECANXX:6:250541048"
"160",5e-06,5e-06,0.626098,5e-06,0.373888,"4_20","Colombian weedy rice","4_20:C81ECANXX:6:250541056"
"161",5e-06,5e-06,0.88906,5e-06,0.110925,"4_21","Colombian weedy rice","4_21:C81ECANXX:6:250541064"
"162",5e-06,5e-06,0.999981,5e-06,5e-06,"4_23","Colombian weedy rice","4_23:C81ECANXX:6:250541072"
"163",0.003976,5e-06,0.969946,5e-06,0.026068,"4_24","Colombian weedy rice","4_24:C81ECANXX:6:250541080"
"164",5e-06,5e-06,0.917173,5e-06,0.082813,"4_25","Colombian weedy rice","4_25:C81ECANXX:6:250541088"
"165",5e-06,5e-06,0.974366,5e-06,0.02562,"4_26","Colombian weedy rice","4_26:C81ECANXX:6:250541001"
"166",5e-06,5e-06,0.703437,5e-06,0.296549,"4_27","Colombian weedy rice","4_27:C81ECANXX:6:250541009"
"167",5e-06,5e-06,0.950074,5e-06,0.049911,"4_28","Colombian weedy rice","4_28:C81ECANXX:6:250541017"
"168",5e-06,5e-06,0.556386,5e-06,0.4436,"4_2","Colombian weedy rice","4_2:C81ECANXX:6:250541007"
"169",5e-06,5e-06,0.18373,5e-06,0.816256,"4_3","Colombian weedy rice","4_3:C81ECANXX:6:250541015"
"170",5e-06,5e-06,0.796264,5e-06,0.203721,"4_4","Colombian weedy rice","4_4:C81ECANXX:6:250541023"
"171",5e-06,5e-06,0.770491,5e-06,0.229495,"4_5","Colombian weedy rice","4_5:C81ECANXX:6:250541031"
"172",5e-06,5e-06,0.747361,5e-06,0.252624,"4_6","Colombian weedy rice","4_6:C81ECANXX:6:250541039"
"173",5e-06,5e-06,0.292557,5e-06,0.707429,"4_7","Colombian weedy rice","4_7:C81ECANXX:6:250541047"
"174",5e-06,5e-06,0.999981,5e-06,5e-06,"4_8","Colombian weedy rice","4_8:C81ECANXX:6:250541055"
"175",5e-06,5e-06,0.874034,5e-06,0.125951,"4_9","Colombian weedy rice","4_9:C81ECANXX:6:250541063"
"179",5e-06,5e-06,0.999981,5e-06,5e-06,"5_11","Colombian weedy rice","5_11:C81ECANXX:7:250541144"
"180",0.058625,5e-06,0.94136,5e-06,5e-06,"5_12","Colombian weedy rice","5_12:C81ECANXX:7:250541152"
"181",5e-06,5e-06,0.951674,5e-06,0.048312,"5_13","Colombian weedy rice","5_13:C81ECANXX:7:250541160"
"182",0.080265,5e-06,0.850776,5e-06,0.068949,"5_14","Colombian weedy rice","5_14:C81ECANXX:7:250541168"
"183",5e-06,5e-06,0.610961,5e-06,0.389024,"5_15","Colombian weedy rice","5_15:C81ECANXX:7:250541176"
"184",5e-06,5e-06,0.957607,5e-06,0.042379,"5_16","Colombian weedy rice","5_16:C81ECANXX:7:250541184"
"185",5e-06,5e-06,0.746886,5e-06,0.2531,"5_17","Colombian weedy rice","5_17:C81ECANXX:6:250541025"
"186",5e-06,5e-06,0.876239,5e-06,0.123746,"5_18","Colombian weedy rice","5_18:C81ECANXX:6:250541033"
"187",5e-06,5e-06,0.986365,5e-06,0.013621,"5_19","Colombian weedy rice","5_19:C81ECANXX:6:250541041"
"188",5e-06,5e-06,0.729003,5e-06,0.270982,"5_1","Colombian weedy rice","5_1:C81ECANXX:7:250541159"
"189",5e-06,5e-06,0.920798,5e-06,0.079187,"5_20","Colombian weedy rice","5_20:C81ECANXX:6:250541049"
"190",5e-06,5e-06,0.894116,5e-06,0.10587,"5_21","Colombian weedy rice","5_21:C81ECANXX:6:250541057"
"191",5e-06,5e-06,0.949669,5e-06,0.050316,"5_23","Colombian weedy rice","5_23:C81ECANXX:6:250541065"
"192",0.019104,5e-06,0.85092,5e-06,0.129966,"5_24","Colombian weedy rice","5_24:C81ECANXX:6:250541073"
"193",5e-06,5e-06,0.823061,5e-06,0.176925,"5_25","Colombian weedy rice","5_25:C81ECANXX:6:250541081"
"194",5e-06,5e-06,0.882213,5e-06,0.117773,"5_26","Colombian weedy rice","5_26:C81ECANXX:6:250541089"
"195",5e-06,5e-06,0.821664,5e-06,0.178322,"5_27","Colombian weedy rice","5_27:C81ECANXX:6:250541002"
"196",5e-06,5e-06,0.872187,5e-06,0.127799,"5_28","Colombian weedy rice","5_28:C81ECANXX:6:250541010"
"197",5e-06,5e-06,0.722361,5e-06,0.277625,"5_2","Colombian weedy rice","5_2:C81ECANXX:7:250541167"
"198",5e-06,5e-06,0.730298,5e-06,0.269688,"5_3","Colombian weedy rice","5_3:C81ECANXX:7:250541175"
"199",5e-06,5e-06,0.778948,5e-06,0.221037,"5_4","Colombian weedy rice","5_4:C81ECANXX:7:250541183"
"200",5e-06,5e-06,0.869628,5e-06,0.130358,"5_5","Colombian weedy rice","5_5:C81ECANXX:7:250541191"
"201",5e-06,5e-06,0.902733,5e-06,0.097252,"5_6","Colombian weedy rice","5_6:C81ECANXX:7:250541207"
"202",0.022757,5e-06,0.905114,5e-06,0.07212,"5_7","Colombian weedy rice","5_7:C81ECANXX:7:250541215"
"203",5e-06,5e-06,0.687477,5e-06,0.312509,"5_8","Colombian weedy rice","5_8:C81ECANXX:7:250541128"
"204",5e-06,5e-06,0.739614,5e-06,0.260371,"5_9","Colombian weedy rice","5_9:C81ECANXX:7:250541136"
"46",5e-06,0.058174,0.941812,5e-06,5e-06,"109634","indica","109634:D0E3LACXX:1:250058720"
"178",5e-06,0.017917,0.982068,5e-06,5e-06,"5803","indica","5803:D0E3LACXX:1:250058722"
"205",0.026136,0.011376,0.962471,8e-06,8e-06,"62151","indica","62151:D0E3LACXX:1:250058678"
"206",5e-06,0.003353,0.996632,5e-06,5e-06,"64519","indica","64519:D0E3LACXX:1:250058679"
"208",8e-06,8e-06,0.999969,8e-06,8e-06,"66069","indica","66069:D0E3LACXX:1:250058681"
"209",7e-06,0.024609,0.975371,7e-06,7e-06,"66158","indica","66158:D0E3LACXX:1:250058682"
"210",0.014047,0.026117,0.959826,5e-06,5e-06,"71333","indica","71333:D0E3LACXX:1:250058683"
"211",5e-06,0.036144,0.963841,5e-06,5e-06,"71389","indica","71389:D0E3LACXX:1:250058684"
"214",5e-06,5e-06,0.99998,5e-06,5e-06,"71483","indica","71483:D0E3LACXX:1:250058687"
"215",6e-06,6e-06,0.999976,6e-06,6e-06,"71498","indica","71498:D0E3LACXX:1:250058688"
"218",5e-06,0.024434,0.975551,5e-06,5e-06,"71547","indica","71547:D0E3LACXX:1:250058691"
"221",0.231955,0.013406,0.754629,5e-06,5e-06,"71564","indica","71564:D0E3LACXX:1:250058694"
"225",5e-06,5e-06,0.988325,5e-06,0.011661,"71653","indica","71653:D0E3LACXX:1:250058698"
"226",0.030189,5e-06,0.969796,5e-06,5e-06,"71655","indica","71655:D0E3LACXX:1:250058699"
"227",0.023362,5e-06,0.976623,5e-06,5e-06,"73222","indica","73222:D0E3LACXX:1:250058700"
"233",7e-06,0.033322,0.966657,7e-06,7e-06,"79154","indica","79154:D0E3LACXX:1:250058706"
"252",0.006692,0.035627,0.957671,5e-06,5e-06,"88001","indica","88001:D0E3LACXX:1:250058717"
"257",5e-06,5e-06,0.999981,5e-06,5e-06,"90675","indica","90675:D0E3LACXX:1:250058718"
"258",6e-06,6e-06,0.990352,0.003888,0.005748,"90705","indica","90705:D0E3LACXX:1:250058719"
"301",5e-06,5e-06,0.999981,5e-06,5e-06,"GSOR_301069","indica","GSOR_301069:C08MWACXX:6:3"
"302",5e-06,5e-06,0.950009,5e-06,0.049977,"GSOR_301070","indica","GSOR_301070:C08MWACXX:6:4"
"305",5e-06,5e-06,0.99998,5e-06,5e-06,"GSOR_301123","indica","GSOR_301123:C08MWACXX:6:7"
"308",6e-06,6e-06,0.999975,6e-06,6e-06,"GSOR_301199","indica","GSOR_301199:C08MWACXX:6:10"
"312",0.002872,5e-06,0.97161,0.025508,5e-06,"GSOR_301274","indica","GSOR_301274:C08MWACXX:6:14"
"313",5e-06,5e-06,0.942898,5e-06,0.057087,"GSOR_301288","indica","GSOR_301288:C08MWACXX:6:15"
"314",5e-06,5e-06,0.985849,5e-06,0.014137,"GSOR_301303","indica","GSOR_301303:C08MWACXX:6:16"
"316",5e-06,5e-06,0.830302,5e-06,0.169684,"GSOR_301305","indica","GSOR_301305:C08MWACXX:6:17"
"319",5e-06,5e-06,0.99998,5e-06,5e-06,"GSOR_301315","indica","GSOR_301315:C08MWACXX:6:20"
"326",5e-06,0.001227,0.973965,5e-06,0.024797,"GSOR_301329","indica","GSOR_301329:C08MWACXX:6:28"
"331",5e-06,5e-06,0.851483,0.013835,0.134672,"GSOR_301342","indica","GSOR_301342:C08MWACXX:6:33"
"333",5e-06,5e-06,0.951868,5e-06,0.048117,"GSOR_301344","indica","GSOR_301344:C08MWACXX:6:35"
"339",5e-06,5e-06,0.882051,5e-06,0.117934,"GSOR_301382","indica","GSOR_301382:C08MWACXX:6:41"
"341",6e-06,6e-06,0.989215,6e-06,0.010767,"GSOR_312012","indica","GSOR_312012:C08MWACXX:6:43"
"350",5e-06,5e-06,0.815555,5e-06,0.184431,"IRGC_61899","indica","IRGC_61899:C08MWACXX:6:48"
"351",5e-06,5e-06,0.99998,5e-06,5e-06,"IRGC_61902","indica","IRGC_61902:C08MWACXX:6:49"
"356",5e-06,5e-06,0.893323,5e-06,0.106661,"IRGC_83301","indica","IRGC_83301:C08MWACXX:6:54"
"395",5e-06,5e-06,0.843796,5e-06,0.15619,"IRRI_45011","indica","IRRI_45011:C08MWACXX:7:131"
"397",6e-06,6e-06,0.892834,6e-06,0.107148,"IRRI_6663","indica","IRRI_6663:C08MWACXX:6:67"
"489",5e-06,5e-06,0.99998,5e-06,5e-06,"MUSC218","indica","MUSC218:C08JYACXX:7:202"
"490",5e-06,5e-06,0.999981,5e-06,5e-06,"MUSC219","indica","MUSC219:C08JYACXX:7:214"
"491",5e-06,5e-06,0.99998,5e-06,5e-06,"MUSC220","indica","MUSC220:C08JYACXX:7:226"
"492",5e-06,5e-06,0.999979,5e-06,5e-06,"MUSC221","indica","MUSC221:C08JYACXX:7:238"
"543",9e-06,9e-06,0.999965,9e-06,9e-06,"sin02","indica","sin02:C08MWACXX:7:143"
"544",5e-06,5e-06,0.870172,5e-06,0.129813,"sin03","indica","sin03:C08MWACXX:7:144"
"545",5e-06,5e-06,0.901492,5e-06,0.098493,"sin04","indica","sin04:C08MWACXX:7:145"
"546",6e-06,6e-06,0.999978,6e-06,6e-06,"sin9","indica","sin9:C08MWACXX:7:146"
"176",5e-06,5e-06,5e-06,5e-06,0.999981,"52696","aus","52696:D0E3LACXX:1:250058676"
"306",0.060643,0.453834,5e-06,5e-06,0.485513,"GSOR_301144","aus","GSOR_301144:C08MWACXX:6:8"
"309",0.101341,6e-06,6e-06,6e-06,0.898641,"GSOR_301201","aus","GSOR_301201:C08MWACXX:6:11"
"310",5e-06,5e-06,5e-06,5e-06,0.999981,"GSOR_301251","aus","GSOR_301251:C08MWACXX:6:12"
"311",0.070725,5e-06,5e-06,0.007836,0.921429,"GSOR_301252","aus","GSOR_301252:C08MWACXX:6:13"
"315",5e-06,5e-06,5e-06,5e-06,0.999981,"GSOR_301304","aus","GSOR_301304:C08MWACXX:6:1"
"317",5e-06,5e-06,5e-06,5e-06,0.999981,"GSOR_301312","aus","GSOR_301312:C08MWACXX:6:18"
"318",0.083268,5e-06,5e-06,5e-06,0.916718,"GSOR_301313","aus","GSOR_301313:C08MWACXX:6:19"
"320",5e-06,5e-06,5e-06,5e-06,0.99998,"GSOR_301316","aus","GSOR_301316:C08MWACXX:6:21"
"321",5e-06,5e-06,5e-06,5e-06,0.99998,"GSOR_301317","aus","GSOR_301317:C08MWACXX:6:22"
"322",5e-06,5e-06,5e-06,5e-06,0.99998,"GSOR_301318","aus","GSOR_301318:C08MWACXX:6:23"
"323",5e-06,5e-06,5e-06,5e-06,0.99998,"GSOR_301319","aus","GSOR_301319:C08MWACXX:6:24"
"324",5e-06,5e-06,5e-06,5e-06,0.999981,"GSOR_301326","aus","GSOR_301326:C08MWACXX:6:25"
"327",5e-06,5e-06,5e-06,5e-06,0.999978,"GSOR_301331","aus","GSOR_301331:C08MWACXX:6:29"
"328",8e-06,8e-06,8e-06,8e-06,0.999967,"GSOR_301335","aus","GSOR_301335:C08MWACXX:6:30"
"329",6e-06,6e-06,6e-06,6e-06,0.999978,"GSOR_301336","aus","GSOR_301336:C08MWACXX:6:31"
"330",5e-06,5e-06,5e-06,5e-06,0.999979,"GSOR_301341","aus","GSOR_301341:C08MWACXX:6:32"
"335",5e-06,5e-06,5e-06,5e-06,0.99998,"GSOR_301356","aus","GSOR_301356:C08MWACXX:6:37"
"336",7e-06,7e-06,7e-06,7e-06,0.999971,"GSOR_301357","aus","GSOR_301357:C08MWACXX:6:38"
"338",0.151911,5e-06,5e-06,5e-06,0.848075,"GSOR_301363","aus","GSOR_301363:C08MWACXX:6:40"
"343",5e-06,5e-06,5e-06,5e-06,0.999979,"GSOR_312017","aus","GSOR_312017:C08MWACXX:6:45"
"538",5e-06,5e-06,5e-06,5e-06,0.999981,"sau01","aus","sau01:C08MWACXX:7:138"
"539",6e-06,5e-06,6e-06,5e-06,0.999978,"sau02","aus","sau02:C08MWACXX:7:139"
"540",5e-06,5e-06,5e-06,5e-06,0.99998,"sau03","aus","sau03:C08MWACXX:7:140"
"541",5e-06,5e-06,5e-06,5e-06,0.999979,"sau04","aus","sau04:C08MWACXX:7:141"
"542",5e-06,5e-06,5e-06,5e-06,0.999978,"sau07","aus","sau07:C08MWACXX:7:142"
"47",0.999981,5e-06,5e-06,5e-06,5e-06,"1107","japonica","1107:D0E3LACXX:1:250058731"
"52",0.394257,0.017017,0.588715,5e-06,5e-06,"115190","japonica","115190:D0E3LACXX:1:250058721"
"58",0.974647,0.025338,5e-06,5e-06,5e-06,"16428","japonica","16428:D0E3LACXX:1:250058723"
"59",0.999981,5e-06,5e-06,5e-06,5e-06,"16657","japonica","16657:D0E3LACXX:1:250058674"
"86",0.936119,5e-06,0.063867,5e-06,5e-06,"27016","japonica","27016:D0E3LACXX:1:250058675"
"149",0.954478,0.045506,5e-06,5e-06,5e-06,"40748","japonica","40748:D0E3LACXX:1:250058724"
"177",0.999981,5e-06,5e-06,5e-06,5e-06,"54287","japonica","54287:D0E3LACXX:1:250058677"
"212",0.999981,5e-06,5e-06,5e-06,5e-06,"71481","japonica","71481:D0E3LACXX:1:250058685"
"213",0.99998,5e-06,5e-06,5e-06,5e-06,"71482","japonica","71482:D0E3LACXX:1:250058686"
"216",0.999979,5e-06,5e-06,5e-06,5e-06,"71500","japonica","71500:D0E3LACXX:1:250058689"
"217",0.99998,5e-06,5e-06,5e-06,5e-06,"71521","japonica","71521:D0E3LACXX:1:250058690"
"219",0.99998,5e-06,5e-06,5e-06,5e-06,"71550","japonica","71550:D0E3LACXX:1:250058692"
"220",0.99998,5e-06,5e-06,5e-06,5e-06,"71563","japonica","71563:D0E3LACXX:1:250058693"
"222",0.99998,5e-06,5e-06,5e-06,5e-06,"71586","japonica","71586:D0E3LACXX:1:250058695"
"223",0.999979,5e-06,5e-06,5e-06,5e-06,"71615","japonica","71615:D0E3LACXX:1:250058696"
"224",0.999981,5e-06,5e-06,5e-06,5e-06,"71634","japonica","71634:D0E3LACXX:1:250058697"
"228",0.999981,5e-06,5e-06,5e-06,5e-06,"77579","japonica","77579:D0E3LACXX:1:250058701"
"229",0.999981,5e-06,5e-06,5e-06,5e-06,"78592","japonica","78592:D0E3LACXX:1:250058702"
"230",0.99998,5e-06,5e-06,5e-06,5e-06,"78594","japonica","78594:D0E3LACXX:1:250058703"
"231",0.99998,5e-06,5e-06,5e-06,5e-06,"78597","japonica","78597:D0E3LACXX:1:250058704"
"232",0.999981,5e-06,5e-06,5e-06,5e-06,"78599","japonica","78599:D0E3LACXX:1:250058705"
"234",0.99998,5e-06,5e-06,5e-06,5e-06,"79552","japonica","79552:D0E3LACXX:1:250058707"
"235",0.99998,5e-06,5e-06,5e-06,5e-06,"79803","japonica","79803:D0E3LACXX:1:250058708"
"236",0.99998,5e-06,5e-06,5e-06,5e-06,"79805","japonica","79805:D0E3LACXX:1:250058709"
"237",0.999981,5e-06,5e-06,5e-06,5e-06,"79817","japonica","79817:D0E3LACXX:1:250058710"
"238",0.999975,6e-06,6e-06,6e-06,6e-06,"79820","japonica","79820:D0E3LACXX:1:250058711"
"239",0.99998,5e-06,5e-06,5e-06,5e-06,"79821","japonica","79821:D0E3LACXX:1:250058712"
"240",0.999979,5e-06,5e-06,5e-06,5e-06,"79829","japonica","79829:D0E3LACXX:1:250058713"
"245",0.999981,5e-06,5e-06,5e-06,5e-06,"82687","japonica","82687:D0E3LACXX:1:250058714"
"246",0.99998,5e-06,5e-06,5e-06,5e-06,"82691","japonica","82691:D0E3LACXX:1:250058715"
"247",0.999979,5e-06,5e-06,5e-06,5e-06,"83850","japonica","83850:D0E3LACXX:1:250058716"
"300",0.648264,0.095362,5e-06,5e-06,0.256365,"GSOR_301011","japonica","GSOR_301011:C08MWACXX:6:2"
"303",0.999981,5e-06,5e-06,5e-06,5e-06,"GSOR_301095","japonica","GSOR_301095:C08MWACXX:6:5"
"325",0.999981,5e-06,5e-06,5e-06,5e-06,"GSOR_301328","japonica","GSOR_301328:C08MWACXX:6:27"
"332",0.999979,5e-06,5e-06,5e-06,5e-06,"GSOR_301343","japonica","GSOR_301343:C08MWACXX:6:34"
"340",0.578543,0.10545,5e-06,5e-06,0.315997,"GSOR_301390","japonica","GSOR_301390:C08MWACXX:6:42"
"348",0.639231,0.088634,0.04318,6e-06,0.22895,"IRGC_16163","japonica","IRGC_16163:C08MWACXX:6:46"
"349",0.623645,0.09925,9e-06,9e-06,0.277088,"IRGC_61895","japonica","IRGC_61895:C08MWACXX:6:47"
"352",0.612807,0.102774,0.054794,6e-06,0.22962,"IRGC_61923","japonica","IRGC_61923:C08MWACXX:6:50"
"393",0.959571,5e-06,5e-06,5e-06,0.040414,"IRRI_32399","japonica","IRRI_32399:C08MWACXX:6:68"
"394",0.748562,0.181541,5e-06,5e-06,0.069886,"IRRI_33888","japonica","IRRI_33888:C08MWACXX:7:130"
"396",0.99998,5e-06,5e-06,5e-06,5e-06,"IRRI_58286","japonica","IRRI_58286:C08MWACXX:7:132"
"516",0.99998,5e-06,5e-06,5e-06,5e-06,"SUS02","japonica","SUS02:C1B2JACXX:6:250121559"
"517",0.999711,8e-06,8e-06,8e-06,0.000266,"SUS03","japonica","SUS03:C1B2JACXX:6:250121560"
"518",0.999977,6e-06,6e-06,6e-06,6e-06,"SUS04","japonica","SUS04:C1B2JACXX:6:250121561"
"519",0.99998,5e-06,5e-06,5e-06,5e-06,"SUS05","japonica","SUS05:C1B2JACXX:6:250121562"
"520",0.99997,7e-06,7e-06,7e-06,7e-06,"SUS06","japonica","SUS06:C1B2JACXX:6:250121563"
"521",0.999981,5e-06,5e-06,5e-06,5e-06,"SUS08","japonica","SUS08:C1B2JACXX:6:250121564"
"522",0.999981,5e-06,5e-06,5e-06,5e-06,"SUS09","japonica","SUS09:C1B2JACXX:6:250121565"
"523",0.999978,5e-06,5e-06,5e-06,5e-06,"SUS11","japonica","SUS11:D1FW5ACXX:3:250121566"
"524",0.999978,6e-06,6e-06,6e-06,6e-06,"SUS12","japonica","SUS12:C1B2JACXX:6:250121567"
"535",0.713531,0.143516,5e-06,5e-06,0.142943,"sar01","japonica","sar01:C08MWACXX:7:135"
"536",0.748409,0.075487,5e-06,5e-06,0.176094,"sar02","japonica","sar02:C08MWACXX:7:136"
"537",0.662049,0.121342,5e-06,5e-06,0.216599,"sar03","japonica","sar03:C08MWACXX:7:137"
"547",0.999977,6e-06,6e-06,6e-06,6e-06,"str04","japonica","str04:C08MWACXX:7:147"
"548",0.99998,5e-06,5e-06,5e-06,5e-06,"str10","japonica","str10:C08MWACXX:7:148"
"207",0.498417,5e-06,0.501568,5e-06,5e-06,"64598","admixed cultivar","64598:D0E3LACXX:1:250058680"
"304",0.081812,5e-06,0.182322,5e-06,0.735857,"GSOR_301097","admixed cultivar","GSOR_301097:C08MWACXX:6:6"
"307",0.092152,5e-06,0.200185,5e-06,0.707653,"GSOR_301169","admixed cultivar","GSOR_301169:C08MWACXX:6:9"
"334",0.089687,5e-06,0.133196,5e-06,0.777107,"GSOR_301345","admixed cultivar","GSOR_301345:C08MWACXX:6:36"
"337",5e-06,5e-06,5e-06,0.999979,5e-06,"GSOR_301359","admixed cultivar","GSOR_301359:C08MWACXX:6:39"
"342",5e-06,0.004116,0.738802,5e-06,0.257072,"GSOR_312016","admixed cultivar","GSOR_312016:C08MWACXX:6:44"
"346",0.095942,6e-06,0.132366,6e-06,0.771681,"IRGC_109364","admixed cultivar","IRGC_109364:C08MWACXX:6:66"
"347",0.035501,5e-06,0.158265,5e-06,0.806224,"IRGC_110311","admixed cultivar","IRGC_110311:C08MWACXX:6:26"
"357",0.092043,5e-06,0.183049,5e-06,0.724898,"IRGC_83344","admixed cultivar","IRGC_83344:C08MWACXX:6:55"
"273",0.999981,5e-06,5e-06,5e-06,5e-06,"C101","Colombian landraces","C101:C81ECANXX:7:250541192"
"274",0.166439,5e-06,0.833546,5e-06,5e-06,"C105","Colombian landraces","C105:C81ECANXX:7:250541200"
"275",0.999981,5e-06,5e-06,5e-06,5e-06,"C106","Colombian landraces","C106:C81ECANXX:7:250541208"
"276",0.999981,5e-06,5e-06,5e-06,5e-06,"C108","Colombian landraces","C108:C81ECANXX:7:250541216"
"277",0.999981,5e-06,5e-06,5e-06,5e-06,"C109","Colombian landraces","C109:C81ECANXX:7:250541129"
"278",0.249608,5e-06,0.750378,5e-06,5e-06,"C110","Colombian landraces","C110:C81ECANXX:7:250541137"
"279",0.256091,5e-06,0.743895,5e-06,5e-06,"C111","Colombian landraces","C111:C81ECANXX:7:250541145"
"280",0.999981,5e-06,5e-06,5e-06,5e-06,"C112","Colombian landraces","C112:C81ECANXX:7:250541153"
"281",0.999981,5e-06,5e-06,5e-06,5e-06,"C117","Colombian landraces","C117:C81ECANXX:7:250541161"
"282",0.215874,5e-06,0.784112,5e-06,5e-06,"C118","Colombian landraces","C118:C81ECANXX:7:250541169"
"283",0.999981,5e-06,5e-06,5e-06,5e-06,"C120","Colombian landraces","C120:C81ECANXX:7:250541177"
"284",0.999981,5e-06,5e-06,5e-06,5e-06,"C122","Colombian landraces","C122:C81ECANXX:7:250541185"
"285",0.999981,5e-06,5e-06,5e-06,5e-06,"C123","Colombian landraces","C123:C81ECANXX:7:250541193"
"286",0.971561,5e-06,0.028425,5e-06,5e-06,"C124","Colombian landraces","C124:C81ECANXX:7:250541201"
"287",0.995792,5e-06,0.004193,5e-06,5e-06,"C32","Colombian landraces","C32:C81ECANXX:7:250541209"
"288",0.999981,5e-06,5e-06,5e-06,5e-06,"C36","Colombian landraces","C36:C81ECANXX:7:250541217"
"289",0.999981,5e-06,5e-06,5e-06,5e-06,"C44","Colombian landraces","C44:C81ECANXX:7:250541130"
"290",0.999981,5e-06,5e-06,5e-06,5e-06,"C52","Colombian landraces","C52:C81ECANXX:7:250541138"
"291",0.550544,5e-06,0.449442,5e-06,5e-06,"C59","Colombian landraces","C59:C81ECANXX:7:250541146"
"292",5e-06,5e-06,0.999981,5e-06,5e-06,"C6","Colombian commercial rice","C6:C81ECANXX:7:250541154"
"293",5e-06,5e-06,0.999981,5e-06,5e-06,"C8","Colombian commercial rice","C8:C81ECANXX:7:250541162"
"294",5e-06,5e-06,0.999981,5e-06,5e-06,"C9","Colombian commercial rice","C9:C81ECANXX:7:250541170"
"295",5e-06,5e-06,0.999981,5e-06,5e-06,"F0","Colombian commercial rice","F0:C81ECANXX:7:250541178"
"296",5e-06,5e-06,0.999981,5e-06,5e-06,"F3","Colombian commercial rice","F3:C81ECANXX:7:250541186"
"297",5e-06,5e-06,0.999981,5e-06,5e-06,"F4","Colombian commercial rice","F4:C81ECANXX:7:250541194"
"298",0.235211,5e-06,0.764775,5e-06,5e-06,"F50","Colombian commercial rice","F50:C81ECANXX:7:250541202"
"299",0.126431,5e-06,0.873554,5e-06,5e-06,"F60","Colombian commercial rice","F60:C81ECANXX:7:250541210"
"500",0.035469,5e-06,0.964517,5e-06,5e-06,"O1","Colombian commercial rice","O1:C81ECANXX:7:250541218"
